<?xml version='1.0' encoding='UTF-8'?>
<?artifactRepository version='1.1.0'?>
<repository name='file:/C:/Muleschool/Poc/weather-oath-connector/target/update-site/ - artifacts' type='org.eclipse.equinox.p2.artifact.repository.simpleRepository' version='1'>
  <properties size='2'>
    <property name='p2.timestamp' value='1431957113028'/>
    <property name='p2.compressed' value='false'/>
  </properties>
  <mappings size='3'>
    <rule filter='(&amp; (classifier=osgi.bundle))' output='${repoUrl}/plugins/${id}_${version}.jar'/>
    <rule filter='(&amp; (classifier=binary))' output='${repoUrl}/binary/${id}_${version}'/>
    <rule filter='(&amp; (classifier=org.eclipse.update.feature))' output='${repoUrl}/features/${id}_${version}.jar'/>
  </mappings>
  <artifacts size='2'>
    <artifact classifier='osgi.bundle' id='org.mule.tooling.ui.contribution.weather-oath.3.5.0' version='1.0.0.201505181920'>
      <properties size='3'>
        <property name='artifact.size' value='169404'/>
        <property name='download.size' value='169404'/>
        <property name='download.md5' value='8f4a2535fa6a01dfd92d7ec3370715c3'/>
      </properties>
    </artifact>
    <artifact classifier='org.eclipse.update.feature' id='org.mule.tooling.ui.extension.weather-oath-connector.3.5.0' version='1.0.0.201505181920'>
      <properties size='4'>
        <property name='artifact.size' value='10059'/>
        <property name='download.size' value='10059'/>
        <property name='download.md5' value='e66f20bd7fa56e346979d3dee2ad84a0'/>
        <property name='download.contentType' value='application/zip'/>
      </properties>
    </artifact>
  </artifacts>
</repository>
