<?xml version='1.0' encoding='UTF-8'?>
<?artifactRepository version='1.1.0'?>
<repository name='file:/C:/Shashi/AnypointWorkspace/my-mule-logger-connector/target/update-site/ - artifacts' type='org.eclipse.equinox.p2.artifact.repository.simpleRepository' version='1'>
  <properties size='2'>
    <property name='p2.timestamp' value='1429637187264'/>
    <property name='p2.compressed' value='false'/>
  </properties>
  <mappings size='3'>
    <rule filter='(&amp; (classifier=osgi.bundle))' output='${repoUrl}/plugins/${id}_${version}.jar'/>
    <rule filter='(&amp; (classifier=binary))' output='${repoUrl}/binary/${id}_${version}'/>
    <rule filter='(&amp; (classifier=org.eclipse.update.feature))' output='${repoUrl}/features/${id}_${version}.jar'/>
  </mappings>
  <artifacts size='2'>
    <artifact classifier='org.eclipse.update.feature' id='org.mule.tooling.ui.extension.my-mule-logger-connector.3.5.0' version='1.0.0.201504212254'>
      <properties size='4'>
        <property name='artifact.size' value='10064'/>
        <property name='download.size' value='10064'/>
        <property name='download.md5' value='4a52bde15cf0ddb3ffd25e0815063f06'/>
        <property name='download.contentType' value='application/zip'/>
      </properties>
    </artifact>
    <artifact classifier='osgi.bundle' id='org.mule.tooling.ui.contribution.my-mule-logger.3.5.0' version='1.0.0.201504212254'>
      <properties size='3'>
        <property name='artifact.size' value='193427'/>
        <property name='download.size' value='193427'/>
        <property name='download.md5' value='d7f8e5326f8df3ed276af1940b914596'/>
      </properties>
    </artifact>
  </artifacts>
</repository>
