<?xml version="1.0" encoding="UTF-8"?>

<namespace xmlns="http://www.mulesoft.org/schema/mule/tooling.attributes" xmlns:mule="http://www.mulesoft.org/schema/mule/core" url="http://www.mulesoft.org/schema/mule/weather-api" prefix="weather-api">
  <global-cloud-connector versions="[3.5.0,8.0.0]" caption="WeatherAPI" description="" icon="" localId="parentConfig" image="" abstract="true" extends="http://www.mulesoft.org/schema/mule/weather-api/abstractWeather-apiConnectorGeneric"></global-cloud-connector>
  <nested caption="" description="" localId="connection-pooling-profile" abstract="true">
    <radioBoolean name="defaultPoolingProfile" caption="Use default connection pool configuration" description="Use default connection pool configuration." fillLine="true"></radioBoolean>
    <radioBoolean name="customPoolingProfile" caption="Define connection pool configuration" description="Define connection pool configuration." fillLine="true"></radioBoolean>
    <integer defaultValue="5" min="-1" step="0" name="maxActive" caption="Max active" description="Controls the maximum number of connections that can be borrowed from the pool at one time. When set to a negative value, there is no limit to the number of connections that may be active at one time. When maxActive is exceeded, the pool is said to be exhausted." controlled="customPoolingProfile" indented="true" fillLine="true"></integer>
    <integer defaultValue="5" min="-1" step="0" name="maxIdle" caption="Max idle" description="Controls the maximum number of connections that can sit idle in the pool at any time. When set to a negative value, there is no limit to the number of connections that may be idle at one time." controlled="customPoolingProfile" indented="true" fillLine="true"></integer>
    <enum defaultValue="INITIALISE_ONE" name="initialisationPolicy" caption="Initialisation policy" description="Determines how connections in a pool should be initialized. The possible values are: INITIALISE_NONE (will not load any connection into the pool on startup), INITIALISE_ONE (will load one initial connection into the pool on startup), or INITIALISE_ALL (will load all connections in the pool on startup)" alwaysFill="true" controlled="customPoolingProfile" indented="true">
      <option value="INITIALISE_NONE"></option>
      <option value="INITIALISE_ONE"></option>
      <option value="INITIALISE_ALL"></option>
    </enum>
    <enum defaultValue="WHEN_EXHAUSTED_GROW" name="exhaustedAction" caption="Exhausted action" description="Specifies the behavior of the connection pool when the pool is exhausted. Possible values are: &quot;WHEN_EXHAUSTED_FAIL&quot;, which will throw a NoSuchElementException, &quot;WHEN_EXHAUSTED_WAIT&quot;, which will block by invoking Object.wait(long) until a new or idle object is available, or WHEN_EXHAUSTED_GROW, which will create a new connection and return it, essentially making maxActive meaningless. If a positive maxWait value is supplied, it will block for at most that many milliseconds, after which a NoSuchElementException will be thrown. If maxThreadWait is a negative value, it will block indefinitely." alwaysFill="true" controlled="customPoolingProfile" indented="true">
      <option value="WHEN_EXHAUSTED_WAIT"></option>
      <option value="WHEN_EXHAUSTED_FAIL"></option>
      <option value="WHEN_EXHAUSTED_GROW"></option>
    </enum>
    <integer defaultValue="5" min="-1" step="0" name="maxWait" caption="Max wait" description="When exhausted action is Wait (or block) this is the amount of time in milliseconds that the pool will wait before failing. Setting a negative value will block indefinitely until an idle instance becomes available." controlled="customPoolingProfile" indented="true" fillLine="true"></integer>
    <integer defaultValue="1800000" min="-1" step="0" name="minEvictionMillis" caption="Min eviction (ms)" description="Determines the minimum amount of time a connection may sit idle in the pool before it is eligible for eviction. When non-positive, no connections will be evicted from the pool due to idle time alone." controlled="customPoolingProfile" indented="true" fillLine="true"></integer>
    <integer defaultValue="-1" min="-1" step="0" name="evictionCheckIntervalMillis" caption="Eviction check interval (ms)" description="Specifies the number of milliseconds between runs of the connection evictor. When non-positive, no connection evictor is executed." controlled="customPoolingProfile" indented="true" fillLine="true"></integer>
  </nested>
  <nested caption="" description="" localId="reconnectionStrategyElement" abstract="true">
    <label name="connectionLabel" caption="Define how mule should attempt to handle a connection failure" description=""></label>
    <radioBoolean name="noReconnection" caption="Do not use a Reconnection strategy" description="Disable reconection strategy" fillLine="true"></radioBoolean>
    <radioBoolean name="standardReconnection" caption="Standard Reconnection" description="A reconnection strategy that allows the user to configure how many times a reconnection should be attempted and how long to wait between attempts." fillLine="true"></radioBoolean>
    <integer defaultValue="2000" min="1" max="2147483647" step="1" name="reconnectionFrequency" caption="Frequency (ms)" description="How often (in ms) to reconnect" controlled="standardReconnection" indented="true"></integer>
    <integer defaultValue="2" min="1" max="2147483647" step="1" name="reconnectionAttemps" caption="Reconnection Attempts" description="How many reconnection attempts to make" controlled="standardReconnection,!reconnectForever" indented="true"></integer>
    <boolean name="reconnectForever" caption="Reconnect Forever" description="A reconnection strategy that retries an infinite number of times at the specified frequency." controlled="standardReconnection" indented="true"></boolean>
    <radioBoolean name="customReconnection" caption="Custom Reconnection" description="A user-defined reconnection strategy." fillLine="true"></radioBoolean>
    <classname name="class" caption="Class" description="A class that implements the RetryPolicyTemplate interface." controlled="customReconnection" indented="true"></classname>
    <childElement allowMultiple="true" name="http://www.springframework.org/schema/beans/property" caption="Properties" description="Property elements." controlled="customReconnection"></childElement>
  </nested>
  <global-cloud-connector versions="[3.5.0,8.0.0]" caption="WeatherAPI" description="Global WeatherAPI configuration information." icon="icons/small/weather-api-connector-24x16.png" localId="config" image="icons/large/weather-api-connector-48x32.png" abstract="false" extends="http://www.mulesoft.org/schema/mule/weather-api/parentConfig" connectivityTesting="on" metaData="static">
    <attribute-category caption="General" description="Weather-api configuration properties.">
      <group id="weather-apiGenericProperties" caption="Basic Settings">
        <name name="name" caption="Name" description="Give a name to this configuration so it can be later referenced by config-ref." required="true"></name>
      </group>
      <group id="connection" caption="Connection">
        <string name="username" caption="Username" description="A username." required="false" javaType="java.lang.String"></string>
        <password name="password" caption="Password" description="A password." required="false" javaType="java.lang.String"></password>
      </group>
      <group id="general" caption="General">
        <string defaultValue="value" name="city" caption="City" description="" required="false" javaType="java.lang.String"></string>
        <string defaultValue="value" name="country" caption="Country" description="Configurable." required="false" javaType="java.lang.String"></string>
        <string defaultValue="http://localhost:8089" name="url" caption="Url" description="" required="false" javaType="java.lang.String"></string>
      </group>
    </attribute-category>
    <attribute-category caption="Pooling Profile" description="Pooling profile options.">
      <group id="poolingProfile" caption="Pooling Profile">
        <childElement inplace="true" name="http://www.mulesoft.org/schema/mule/weather-api/connection-pooling-profile" caption="" description="" valuePersistence="org.mule.tooling.ui.modules.core.widgets.meta.PoolingProfileValuePersistence"></childElement>
      </group>
    </attribute-category>
    <attribute-category caption="Reconnection" description="Reconnection options.">
      <group id="reconnectionStrategies" caption="Strategies">
        <childElement inplace="true" name="http://www.mulesoft.org/schema/mule/core/reconnectionStrategyElement" caption="" description="" valuePersistence="org.mule.tooling.ui.modules.core.widgets.meta.HTTPTransactionValuePersistence"></childElement>
        <childElement allowSubTypes="true" allowedSubTypes="http://www.mulesoft.org/schema/mule/core/reconnect,http://www.mulesoft.org/schema/mule/core/reconnect-custom-strategy,http://www.mulesoft.org/schema/mule/core/reconnect-forever" name="http://www.mulesoft.org/schema/mule/core/abstractReconnectionStrategy" caption="" description="" visibleInDialog="false"></childElement>
      </group>
    </attribute-category>
  </global-cloud-connector>
  <cloud-connector caption="Abstractweather-apiconnectorgeneric" description="Interact with Weather-api." icon="icons/small/weather-api-connector-24x16.png" localId="abstractWeather-apiConnectorGeneric" image="icons/large/weather-api-connector-48x32.png" abstract="true">
    <attribute-category caption="General" description="General.">
      <group id="abstractWeather-apiConnectorGeneric" caption="Basic Settings">
        <globalRef requiredType="http://www.mulesoft.org/schema/mule/weather-api/config" name="config-ref" caption="Connector Configuration" description="Specify which configuration to use for this invocation." required="true"></globalRef>
      </group>
    </attribute-category>
  </cloud-connector>
  <cloud-connector versions="[3.5.0,8.0.0]" aliasId="org.mule.tooling.ui.modules.core.pattern.weather-api" caption="WeatherAPI" description="Anypoint Connector." icon="icons/small/weather-api-connector-24x16.png" localId="weather-api-connector" image="icons/large/weather-api-connector-48x32.png" extends="http://www.mulesoft.org/schema/mule/weather-api/abstractWeather-apiConnectorGeneric">
    <attribute-category caption="General" description="General.">
      <group id="weather-apiConnectorGeneric" caption="Basic Settings">
        <modeSwitch alwaysCombo="true" name="Weather-api operations to execute" caption="Operation" description="Operation.">
          <no-operation abstractElement="http://www.mulesoft.org/schema/mule/weather-api/abstractWeather-apiConnectorGeneric" versions="[3.5.0,8.0.0]" connector-name="processor"></no-operation>
          <mode modeId="http://www.mulesoft.org/schema/mule/weather-api/my-processor" modeLabel="My processor"></mode>
          <mode modeId="http://www.mulesoft.org/schema/mule/weather-api/weather" modeLabel="Weather"></mode>
        </modeSwitch>
      </group>
    </attribute-category>
  </cloud-connector>
  <cloud-connector returnType="void" caption="My Processor" icon="icons/small/weather-api-connector-24x16.png" localId="my-processor" image="icons/large/weather-api-connector-48x32.png" abstract="true" extends="http://www.mulesoft.org/schema/mule/weather-api/abstractWeather-apiConnectorGeneric" metaData="static">
    <attribute-category caption="General" description="General.">
      <group id="general" caption="General">
        <string name="content" caption="Content" description="Content to be processed." required="true" javaType="java.lang.String"></string>
      </group>
    </attribute-category>
    <attribute-category caption="Advanced" description="Advanced.">
      <group id="connector Configuration Overrides" caption="Connector Configuration Overrides">
        <string name="username" caption="Username" description="A username." required="false" javaType="java.lang.String"></string>
        <password name="password" caption="Password" description="A password." required="false" javaType="java.lang.String"></password>
      </group>
    </attribute-category>
  </cloud-connector>
  <cloud-connector returnType="java.lang.Object" caption="Weather" icon="icons/small/weather-api-connector-24x16.png" localId="weather" image="icons/large/weather-api-connector-48x32.png" abstract="true" extends="http://www.mulesoft.org/schema/mule/weather-api/abstractWeather-apiConnectorGeneric" metaData="static">
    <attribute-category caption="General" description="General.">
      <group id="general" caption="General">
        <string name="content" caption="Content" description="Content to be processed." required="true" javaType="java.lang.String"></string>
      </group>
    </attribute-category>
    <attribute-category caption="Advanced" description="Advanced.">
      <group id="connector Configuration Overrides" caption="Connector Configuration Overrides">
        <string name="username" caption="Username" description="A username." required="false" javaType="java.lang.String"></string>
        <password name="password" caption="Password" description="A password." required="false" javaType="java.lang.String"></password>
      </group>
    </attribute-category>
  </cloud-connector>
</namespace>