<?xml version='1.0' encoding='UTF-8'?>
<?artifactRepository version='1.1.0'?>
<repository name='file:/C:/Users/sagopise/Documents/GitHub/MyConnectors/rest-client-connector/target/update-site/ - artifacts' type='org.eclipse.equinox.p2.artifact.repository.simpleRepository' version='1'>
  <properties size='2'>
    <property name='p2.timestamp' value='1441955116272'/>
    <property name='p2.compressed' value='false'/>
  </properties>
  <mappings size='3'>
    <rule filter='(&amp; (classifier=osgi.bundle))' output='${repoUrl}/plugins/${id}_${version}.jar'/>
    <rule filter='(&amp; (classifier=binary))' output='${repoUrl}/binary/${id}_${version}'/>
    <rule filter='(&amp; (classifier=org.eclipse.update.feature))' output='${repoUrl}/features/${id}_${version}.jar'/>
  </mappings>
  <artifacts size='2'>
    <artifact classifier='osgi.bundle' id='org.mule.tooling.ui.contribution.rest-client.3.5.0' version='1.0.0.201509111235'>
      <properties size='3'>
        <property name='artifact.size' value='2950383'/>
        <property name='download.size' value='2950383'/>
        <property name='download.md5' value='a3cd4accf1a689aab23ca91f1f91068a'/>
      </properties>
    </artifact>
    <artifact classifier='org.eclipse.update.feature' id='org.mule.tooling.ui.extension.rest-client-connector.3.5.0' version='1.0.0.201509111235'>
      <properties size='4'>
        <property name='artifact.size' value='662'/>
        <property name='download.size' value='662'/>
        <property name='download.md5' value='095903f08bc5a8f5c6f813bf2981b423'/>
        <property name='download.contentType' value='application/zip'/>
      </properties>
    </artifact>
  </artifacts>
</repository>
