<?xml version='1.0' encoding='UTF-8'?>
<?artifactRepository version='1.1.0'?>
<repository name='file:/C:/Mule371/MuleWorkspace371/rest-weather-connector/target/update-site/ - artifacts' type='org.eclipse.equinox.p2.artifact.repository.simpleRepository' version='1'>
  <properties size='2'>
    <property name='p2.timestamp' value='1436769752009'/>
    <property name='p2.compressed' value='false'/>
  </properties>
  <mappings size='3'>
    <rule filter='(&amp; (classifier=osgi.bundle))' output='${repoUrl}/plugins/${id}_${version}.jar'/>
    <rule filter='(&amp; (classifier=binary))' output='${repoUrl}/binary/${id}_${version}'/>
    <rule filter='(&amp; (classifier=org.eclipse.update.feature))' output='${repoUrl}/features/${id}_${version}.jar'/>
  </mappings>
  <artifacts size='2'>
    <artifact classifier='org.eclipse.update.feature' id='org.mule.tooling.ui.extension.rest-weather-connector.3.5.0' version='1.0.0.201507131212'>
      <properties size='4'>
        <property name='artifact.size' value='10059'/>
        <property name='download.size' value='10059'/>
        <property name='download.md5' value='938794e417f4de8382edb81ab10c9dd1'/>
        <property name='download.contentType' value='application/zip'/>
      </properties>
    </artifact>
    <artifact classifier='osgi.bundle' id='org.mule.tooling.ui.contribution.rest-weather.3.5.0' version='1.0.0.201507131212'>
      <properties size='3'>
        <property name='artifact.size' value='298752'/>
        <property name='download.size' value='298752'/>
        <property name='download.md5' value='7ad918b9563ec4982b77789ae6ad7c25'/>
      </properties>
    </artifact>
  </artifacts>
</repository>
