<?xml version='1.0' encoding='UTF-8'?>
<?artifactRepository version='1.1.0'?>
<repository name='file:/C:/Shashi/AnypointWorkspace/weather-api-connector/target/update-site/ - artifacts' type='org.eclipse.equinox.p2.artifact.repository.simpleRepository' version='1'>
  <properties size='2'>
    <property name='p2.timestamp' value='1430855089879'/>
    <property name='p2.compressed' value='false'/>
  </properties>
  <mappings size='3'>
    <rule filter='(&amp; (classifier=osgi.bundle))' output='${repoUrl}/plugins/${id}_${version}.jar'/>
    <rule filter='(&amp; (classifier=binary))' output='${repoUrl}/binary/${id}_${version}'/>
    <rule filter='(&amp; (classifier=org.eclipse.update.feature))' output='${repoUrl}/features/${id}_${version}.jar'/>
  </mappings>
  <artifacts size='2'>
    <artifact classifier='org.eclipse.update.feature' id='org.mule.tooling.ui.extension.weather-api-connector.3.5.0' version='1.0.0.201505060114'>
      <properties size='4'>
        <property name='artifact.size' value='10059'/>
        <property name='download.size' value='10059'/>
        <property name='download.md5' value='398e13986cca16adcc41e8e25fb37b80'/>
        <property name='download.contentType' value='application/zip'/>
      </properties>
    </artifact>
    <artifact classifier='osgi.bundle' id='org.mule.tooling.ui.contribution.weather-api.3.5.0' version='1.0.0.201505060114'>
      <properties size='3'>
        <property name='artifact.size' value='768479'/>
        <property name='download.size' value='768479'/>
        <property name='download.md5' value='4714cc6e8ee11ed2642e06adb41c9f10'/>
      </properties>
    </artifact>
  </artifacts>
</repository>
